{
  "air_quality": {
    "total": 48259.408723722,
    "mean": 1.0394909904734848,
    "median": 1.077807024,
    "min": 0.0,
    "max": 6.74
  },
  "congestion": {
    "total": -7623.782006454001,
    "mean": -0.16421363043238704,
    "median": -0.04,
    "min": -9.001260086,
    "max": 0.01
  },
  "dampness": {
    "total": 641.798414761,
    "mean": 0.013824116115129454,
    "median": 0.0117469735,
    "min": 0.0,
    "max": 0.14
  },
  "diet_change": {
    "total": 5054.870250856,
    "mean": 0.10888015876569164,
    "median": 0.113518201,
    "min": 0.0,
    "max": 0.72
  },
  "excess_cold": {
    "total": 8801.601831185,
    "mean": 0.189583462524986,
    "median": 0.201374509,
    "min": 0.0,
    "max": 0.807120242
  },
  "excess_heat": {
    "total": 0.11050873400000001,
    "mean": 2.3803199500280017e-06,
    "median": 2.92e-06,
    "min": -9.35e-05,
    "max": 1.29e-05
  },
  "hassle_costs": {
    "total": -70842.515873756,
    "mean": -1.5260219260658725,
    "median": -1.558800586,
    "min": -9.653707823,
    "max": -0.127702086
  },
  "noise": {
    "total": 34207.746110010004,
    "mean": 0.736823032568173,
    "median": 0.558316619,
    "min": 0.0,
    "max": 7.613633716
  },
  "physical_activity": {
    "total": 129879.193587864,
    "mean": 2.797552957133158,
    "median": 1.7590168634999999,
    "min": 0.0,
    "max": 69.6
  },
  "road_repairs": {
    "total": -327.174916846,
    "mean": -0.007047234671218713,
    "median": -0.0023971599999999997,
    "min": -0.40595449,
    "max": 0.0
  },
  "road_safety": {
    "total": -2429.884055286,
    "mean": -0.052338863035497354,
    "median": -0.017199178,
    "min": -2.86567023,
    "max": 0.0
  },
  "total_net_benefit": 145621.37257271103
}
